????????,62.9362,56.26,1788-12-17,1788-12-17,6 ????? ???????,FALSE
????????,62.9362,56.26,1788-12-24,1788-12-24,13 ????? ???????,FALSE
????????,62.9362,56.26,1788-05-20,1788-05-20,??? 9,FALSE
??????,37.17272,54.72436,1788-07-10,1788-07-10,????? ? ?????,FALSE
?????????,36.23309,50.68338,1788-05-20,1788-05-20,??? 9,FALSE
?????????,36.23309,50.68338,1788-07-19,1788-07-19,???? 8,FALSE
?????????,36.23309,50.68338,1788-12-17,1788-12-17,??????? 6,FALSE
?????????,36.23309,50.68338,1788-02-17,1788-02-23,???????? ??????,TRUE
???????????,31.4795,50.08768,1788-01-17,1788-01-17,??????? 6,FALSE
???????????,31.4795,50.08768,1788-09-12,1788-09-12,???????? 1,FALSE
???????????,31.4795,50.08768,1788-07-04,1788-07-04,??????? ???????,TRUE
?????????,42.69351,56.20152,1788-08-26,1788-08-26,???????,FALSE
??????,33.78759,51.94765,1788-10-12,1788-10-12,??????? 1,FALSE
??????,33.78759,51.94765,1788-05-04,1788-05-04,?????? 23,FALSE
???????,44.75599,54.19005,1788-06-04,1788-06-04,??? 24,FALSE
????????,38.6607,54.13149,1788-05-21,1788-05-21,????????????,TRUE
????????,38.6607,54.13149,1788-06-23,1788-06-23,?????? ???? ??????? ?????,TRUE
????,38.50169,52.62366,1788-09-19,1788-09-19,???????? ? 8,FALSE
????,38.50169,52.62366,1788-06-01,1788-06-01,??? 21,FALSE
????,38.50169,52.62366,1788-08-03,1788-08-03,???? 23,FALSE
????,38.50169,52.62366,1788-07-10,1788-07-10,???? 29,FALSE
????,38.50169,52.62366,1788-07-19,1788-07-19,???? ? 8,FALSE
????????,48.1058,52.4906,1788-07-09,1788-07-09,???? 28,FALSE
????,34.80029,50.9216,1788-12-02,1788-12-02,21 ??????,FALSE
????,34.80029,50.9216,1788-12-17,1788-12-17,??????? ?? 6,FALSE
????,34.80029,50.9216,1788-06-15,1788-06-21,???????? ??????,TRUE
????,34.80029,50.9216,1788-08-26,1788-08-26,???????,FALSE
????????? ???????,121.63339,63.74683,1788-09-12,1788-10-11,????????,FALSE
????????? ???????,121.63339,63.74683,1788-10-12,1788-11-11,???????,FALSE
????????? ???????,121.63339,63.74683,1788-11-12,1788-12-11,??????,FALSE
???????,38.48336,53.13139,1788-07-19,1788-07-19,???? ? 8,FALSE
????????,63.6335,56.0852,1788-07-10,1788-07-10,???? 29,FALSE
????????,63.6335,56.0852,1788-11-14,1788-11-14,?????? 3,FALSE
????????,63.6335,56.0852,1788-03-16,1788-03-16,?????? ???????????,TRUE
?????????? ????????,38.85626,56.73934,1788-07-04,1788-07-04,23 ????,FALSE
?????,29.1663,57.22716,1788-06-15,1788-06-15,????????? ??????? ????,TRUE
?????,29.1663,57.22716,1788-08-26,1788-08-26,???????,FALSE
?????,29.1663,57.22716,1788-09-25,1788-09-25,???????????,FALSE
????????,34.98167,54.48806,1788-05-04,1788-05-04,?????? 23,FALSE
????????,34.98167,54.48806,1788-07-19,1788-07-19,???? 8,FALSE
????????,34.98167,54.48806,1788-12-07,1788-12-07,?????? 26,FALSE
????????,26.53333,55.88333,1788-01-17,1788-01-17,??????? 6,FALSE
????????,26.53333,55.88333,1788-07-05,1788-07-05,???? 24,FALSE
????????,26.53333,55.88333,1788-09-19,1788-09-19,???????? 8,FALSE
?????????,30.67434,61.69459,1788-01-12,1788-02-11,???????,FALSE
??????,28.35368,57.34395,1788-09-25,1788-09-25,???????? 14,FALSE
??????,28.35368,57.34395,1788-05-12,1788-06-11,????,FALSE
??????,28.35368,57.34395,1788-07-12,1788-08-11,????,FALSE
???????,41.39528,54.94111,1788-07-19,1788-07-19,???? 8,FALSE
????????,41.81065,53.44354,1788-08-26,1788-08-26,15 ???????,FALSE
???????,30.9179,52.9164,1788-01-19,1788-01-19,??????? 8,FALSE
???????,30.9179,52.9164,1788-09-19,1788-09-19,???????? 8,FALSE
???????,30.9179,52.9164,1788-06-05,1788-06-05,??????????,TRUE
???????????,29.166389,57.378889,1788-12-17,1788-12-17,???????,FALSE
???????,43.05744,53.69157,1788-06-12,1788-07-11,????,FALSE
???????,43.05744,53.69157,1788-07-12,1788-08-11,????,FALSE
??????,34.76467,52.962,1788-05-13,1788-05-13,??? 2,FALSE
?????,43.013525,54.06635,1788-07-04,1788-07-04,??????? ???????,TRUE
??????,34.37167,53.25209,1788-07-04,1788-07-04,??????? ???????,TRUE
?????,37.60806,57.35917,1788-03-23,1788-03-23,?????? ?????? ? ???????????,TRUE
?????,37.60806,57.35917,1788-07-04,1788-07-04,??????? ???????,TRUE
????????,47.668387,55.737351,1788-07-07,1788-07-07,???? 26,FALSE
????????,47.668387,55.737351,1788-07-31,1788-07-31,???? 20,FALSE
???????,34.4849,50.58518,1788-01-12,1788-01-12,??????? 1,FALSE
???????,34.4849,50.58518,1788-10-01,1788-10-01,???????? 20,FALSE
???????,34.4849,50.58518,1788-07-04,1788-07-04,??????? ???????,TRUE
?????,35.2726,51.1976,1788-05-04,1788-05-04,?????? 23,FALSE
?????,35.2726,51.1976,1788-07-10,1788-07-10,???? 29,FALSE
?????,35.2726,51.1976,1788-10-12,1788-10-12,??????? 1,FALSE
?????,35.2726,51.1976,1788-02-17,1788-02-23,???????? ??????,TRUE
???????,38.55181,53.82526,1788-05-20,1788-05-20,??? 9,FALSE
???????,38.55181,53.82526,1788-12-17,1788-12-17,???????,FALSE
?????????,38.24691,53.06317,1788-08-26,1788-08-26,???????,FALSE
?????,34.99537,55.55291,1788-07-19,1788-07-19,???? 8,FALSE
???????,39.5406,57.88529,1788-10-07,1788-10-07,???????? 26,FALSE
???????,39.5406,57.88529,1788-06-22,1788-06-22,??????,TRUE
???????,39.5406,57.88529,1788-05-19,1788-05-19,?????? ?????????,FALSE
????????,44.0139,62.3598,1788-01-12,1788-01-12,??????? 1,FALSE
????????,44.0139,62.3598,1788-03-28,1788-03-28,????? 17,FALSE
????????,44.0139,62.3598,1788-06-22,1788-06-22,????????,TRUE
??????,32.96976,60.98475,1788-01-17,1788-01-17,??????? 6,FALSE
??????,32.96976,60.98475,1788-09-19,1788-09-19,???????? 8,FALSE
?????????,34.31287,51.15016,1788-01-17,1788-01-17,??????? 6,FALSE
?????????,34.31287,51.15016,1788-07-05,1788-07-05,???? 24,FALSE
?????????,34.31287,51.15016,1788-09-25,1788-09-25,???????? 14,FALSE
?????,31.19673,55.60564,1788-07-31,1788-07-31,20 ????,FALSE
?????,31.19673,55.60564,1788-03-10,1788-03-16,?????? ??????,TRUE
???????? ????,34.03639,52.18903,1788-09-19,1788-09-19,8 ????????,FALSE
???????,42.15563,56.24057,1788-07-14,1788-07-14,???? 3,FALSE
???????,33.68269,50.18359,1788-11-06,1788-11-06,26 ???????,FALSE
???????,33.68269,50.18359,1788-04-20,1788-04-20,?????? ????,TRUE
???????,33.68269,50.18359,1788-07-04,1788-07-04,??????? ????? ???????? ??????????? ???????,TRUE
????????,33.54568,49.20765,1788-07-31,1788-07-31,???? 20,FALSE
????????,33.54568,49.20765,1788-10-25,1788-10-25,??????? 14,FALSE
??????,39.41394,57.1914,1788-03-17,1788-03-23,?????? ?????? ???????? ?????,TRUE
???????????,36.46653,52.92251,1788-05-20,1788-05-20,??? 9,FALSE
???????????,36.46653,52.92251,1788-06-22,1788-06-22,??????,TRUE
???????????,36.46653,52.92251,1788-12-17,1788-12-17,???????,FALSE
??????,33.58499,50.92601,1788-01-12,1788-01-12,??????? 1,FALSE
??????,33.58499,50.92601,1788-05-20,1788-05-20,??? 9,FALSE
??????,33.58499,50.92601,1788-07-19,1788-07-19,???? 8,FALSE
??????,33.58499,50.92601,1788-10-25,1788-10-25,??????? 14,FALSE
????,37.61822,54.19609,1788-06-19,1788-06-19,???? 8,FALSE
????,37.61822,54.19609,1788-10-12,1788-10-12,???????,FALSE
??????,34.6822,51.5655,1788-07-19,1788-07-19,???? 8,FALSE
??????,34.6822,51.5655,1788-07-04,1788-07-04,??????? ???????,TRUE
??????,36.5277,61.80415,1788-12-17,1788-12-17,??????? 6,FALSE
????????,43.21483,54.63023,1788-07-04,1788-07-04,??????? ???????,TRUE
??????,37.7,52.73333,1788-05-20,1788-05-20,9 ???,FALSE
??????,37.7,52.73333,1788-07-07,1788-07-07,26 ????,FALSE
??????,37.7,52.73333,1788-12-17,1788-12-17,6 ???????,FALSE
???????,37.52041,56.34485,1788-09-26,1788-09-26,15 ????????,FALSE
???????,38.84259,58.0446,1788-07-10,1788-07-10,???? 29,FALSE
???????,38.84259,58.0446,1788-08-17,1788-08-17,??????? ? 6,FALSE
??????,49.55037,55.40464,1788-05-17,1788-06-12,??? ? 6 ???? ?? 1,FALSE
??????,49.55037,55.40464,1788-06-17,1788-06-17,6 ????,FALSE
???????????,39.53766,57.3252,1788-07-04,1788-07-04,??????? ???????,TRUE
????????,38.10556,54.60417,1788-06-15,1788-06-15,????????? ??????? ????,TRUE
?????????,41.91224,54.04708,1788-07-05,1788-07-05,???? 24,FALSE
????????,39.7671,52.90838,1788-09-09,1788-09-09,29 ???????,FALSE
?????????,142.61667,67.45,1788-12-12,1788-01-11,???????,FALSE
?????????,142.61667,67.45,1788-01-12,1788-02-11,???????,FALSE
??????,41.433333,52.716667,1788-07-19,1788-07-19,8 ????,FALSE
??????,41.433333,52.716667,1788-07-04,1788-07-04,??????? ???????,TRUE
????? ?????,35.66459,56.09183,1788-08-30,1788-08-30,??????? 19,FALSE
????????,39.13531,58.49928,1788-09-12,1788-10-11,????????,FALSE
????????,39.13531,58.49928,1788-06-22,1788-06-22,??????,TRUE
????????,39.13531,58.49928,1788-05-19,1788-05-19,?????? ?????????,FALSE
?????,36.17194,55.34472,1788-07-04,1788-07-04,???? 23,FALSE
??????? ???????,33.03553,50.94677,1788-09-25,1788-09-25,???????? 14,FALSE
??????? ???????,33.03553,50.94677,1788-12-17,1788-12-17,??????? 6,FALSE
??????? ???????,33.03553,50.94677,1788-06-15,1788-06-15,????????? ??????? ????,TRUE
???????,28.87999,61.8699,1788-09-26,1788-09-26,15 ????????,FALSE
????????,36.15534,54.63884,1788-06-29,1788-06-29,???? 18,FALSE
??????,34.58935,56.17534,1788-12-17,1788-12-17,6 ???????,FALSE
??????,34.58935,56.17534,1788-07-31,1788-07-31,???? 20,FALSE
??????,34.58935,56.17534,1788-08-17,1788-08-17,??????? 6,FALSE
??????,34.58935,56.17534,1788-08-26,1788-08-26,??????? 15,FALSE
??????,34.58935,56.17534,1788-05-20,1788-05-20,??? 9,FALSE
??????,34.58935,56.17534,1788-01-18,1788-01-18,??????? 7,FALSE
??????,34.58935,56.17534,1788-03-03,1788-03-09,?????? ??????,TRUE
??????,34.58935,56.17534,1788-07-04,1788-07-04,??????? ???????,TRUE
????? ?????????,36.47185,55.01457,1788-05-04,1788-05-04,?????? 23,FALSE
????? ?????????,36.47185,55.01457,1788-05-20,1788-05-20,??? 9,FALSE
????? ?????????,36.47185,55.01457,1788-12-07,1788-12-07,?????? 26,FALSE
????? ?????????,36.47185,55.01457,1788-12-17,1788-12-17,??????? 6,FALSE
????? ?????????,36.47185,55.01457,1788-07-04,1788-07-04,??????? ???????,TRUE
??????,33.99099,50.37112,1788-01-17,1788-01-17,??????? 6,FALSE
??????,33.99099,50.37112,1788-05-04,1788-05-04,?????? 23,FALSE
??????,33.99099,50.37112,1788-07-10,1788-07-10,???? 29,FALSE
??????,33.99099,50.37112,1788-10-25,1788-10-25,??????? 14,FALSE
????,28.84938,57.20557,1788-12-17,1788-12-17,???????,FALSE
???????,42.12894,57.43914,1788-09-25,1788-09-25,???????? ? 14,FALSE
????????,45.06291,56.08367,1788-07-10,1788-07-10,????? ? ?????,FALSE
???????????????,43.10415,53.40241,1788-06-12,1788-07-11,????,FALSE
??????,34.36376,50.20806,1788-08-26,1788-08-26,15 ???????,FALSE
??????,34.36376,50.20806,1788-07-06,1788-07-06,???? 25,FALSE
??????,34.36376,50.20806,1788-10-12,1788-10-12,??????? 1,FALSE
??????,34.36376,50.20806,1788-12-17,1788-12-17,??????? 6,FALSE
??????,34.36376,50.20806,1788-07-05,1788-07-05,?????? ??????????,FALSE
???????,34.0367,50.21084,1788-11-12,1788-11-12,1 ??????,FALSE
???????,34.0367,50.21084,1788-07-31,1788-07-31,???? 20,FALSE
???????,34.0367,50.21084,1788-05-21,1788-05-21,????????????,TRUE
????-????????,50.80994,61.67642,1788-12-07,1788-12-07,?????? ? 26,FALSE
???? ???????????,34.32817,56.26241,1788-07-10,1788-07-10,???? 29,FALSE
???? ???????????,34.32817,56.26241,1788-03-17,1788-03-23,?????? ???????????,TRUE
??????? ??????,107.60627,51.82721,1788-02-26,1788-02-26,??????? ? 15,FALSE
??????? ??????,107.60627,51.82721,1788-06-26,1788-06-26,???? ? 15,FALSE
???????,31.78456,51.5716,1788-08-26,1788-08-26,??????? 15,FALSE
???????,31.78456,51.5716,1788-06-05,1788-06-05,??????????,TRUE
????????,33.60886,49.96854,1788-09-19,1788-09-19,???????? 8,FALSE
????????,33.60886,49.96854,1788-12-17,1788-12-17,??????? 6,FALSE
????????,33.60886,49.96854,1788-03-30,1788-03-30,??????? ???????? ?????,TRUE
????????,33.60886,49.96854,1788-06-05,1788-06-05,??????????,TRUE
??????,33.2525,57.97472,1788-11-03,1788-11-08,??????? ?? 23 ?? 28,FALSE
??????,33.2525,57.97472,1788-01-05,1788-01-05,????????? ????????,FALSE
??????,33.2525,57.97472,1788-04-27,1788-05-03,??????? ??????,TRUE
????????,33.80293,49.86076,1788-07-31,1788-07-31,???? 20,FALSE
????????,33.80293,49.86076,1788-11-06,1788-11-06,??????? 26,FALSE
???????,35.1886,49.88974,1788-05-20,1788-05-20,??? 9,FALSE
???????,35.1886,49.88974,1788-09-09,1788-09-09,??????? 29,FALSE
???????,35.1886,49.88974,1788-12-17,1788-12-17,???????,FALSE
?????? ?????,32.30191,60.10246,1788-08-26,1788-08-26,15 ???????,FALSE
???????????,33.87626,50.83398,1788-09-19,1788-09-19,???????? 8,FALSE
???????????,33.87626,50.83398,1788-11-09,1788-11-09,??????? 29,FALSE
???????????,33.87626,50.83398,1788-12-17,1788-12-17,??????? 6,FALSE
???????????,33.87626,50.83398,1788-05-21,1788-05-21,????????????,TRUE
????????,37.70476,54.63291,1788-07-31,1788-07-31,???? 20,FALSE
????????????,39.525119,57.866991,1788-06-22,1788-06-22,??????,TRUE
????????????,39.525119,57.866991,1788-05-19,1788-05-19,?????? ?????????,FALSE
???????,33.88896,50.22562,1788-05-20,1788-05-20,9 ???,FALSE
???????,33.88896,50.22562,1788-09-12,1788-09-12,???????? 1,FALSE
???????,33.88896,50.22562,1788-12-17,1788-12-17,???????,FALSE
????????????,42.04652,60.74717,1788-03-26,1788-03-26,15 ????? ?????,FALSE
????????,35.77159,54.03746,1788-07-04,1788-07-04,??????? ???????,TRUE
????? ???????,46.31352,60.76186,1788-07-19,1788-07-19,???? 8,FALSE
???????,32.94196,50.26732,1788-08-26,1788-08-26,??????? 15,FALSE
???????,32.94196,50.26732,1788-12-17,1788-12-17,??????? 6,FALSE
???????,32.94196,50.26732,1788-06-22,1788-06-22,??????,TRUE
???????,32.94196,50.26732,1788-04-07,1788-04-13,????? ??????,TRUE
???????????,27.19794,60.56974,1788-09-04,1788-09-04,24 ???????,FALSE
?????,31.88688,51.04801,1788-10-12,1788-10-12,1 ???????,FALSE
?????,31.88688,51.04801,1788-02-12,1788-03-11,???????,FALSE
?????,31.88688,51.04801,1788-06-22,1788-06-22,????????,TRUE
??????,30.65692,51.7026,1788-12-17,1788-12-17,??????? 6,FALSE
??????,30.65692,51.7026,1788-06-05,1788-06-05,??????????,TRUE
???????,51.36667,51.23333,1788-06-12,1788-07-11,????,FALSE
???????,51.36667,51.23333,1788-07-12,1788-08-11,????,FALSE
???????,51.36667,51.23333,1788-09-12,1788-10-11,????????,FALSE
???????,51.36667,51.23333,1788-10-12,1788-11-11,???????,FALSE
???????,51.36667,51.23333,1788-01-12,1788-02-11,???????,FALSE
???????,51.36667,51.23333,1788-02-12,1788-03-11,???????,FALSE
????????,43.8049,57.88501,1788-07-31,1788-07-31,???? ?? 20,FALSE
????????,43.8049,57.88501,1788-01-30,1788-01-30,??????? ?? 19,FALSE
????????,43.8049,57.88501,1788-04-05,1788-04-05,????? ?? 25,FALSE
?????????,44.04707,54.01948,1788-07-04,1788-07-04,??????? ???????,TRUE
??????,37.18598,50.8132,1788-07-19,1788-07-19,???? 8,FALSE
??????,37.18598,50.8132,1788-09-19,1788-09-19,????????? ??????????,FALSE
??????,37.18598,50.8132,1788-12-17,1788-12-17,???????|???????,FALSE
??????,37.18598,50.8132,1788-01-12,1788-01-12,????? ???,FALSE
????????,37.59472,49.75083,1788-08-17,1788-08-17,??????? 6,FALSE
????????,37.59472,49.75083,1788-10-12,1788-10-12,??????? 1,FALSE
????????,37.59472,49.75083,1788-06-05,1788-06-05,??????????,TRUE
??????? ?????,38.063939,49.351971,1788-06-19,1788-06-19,???? 8,FALSE
??????? ?????,38.063939,49.351971,1788-10-07,1788-10-07,???????? 26,FALSE
??????? ?????,38.063939,49.351971,1788-05-19,1788-05-19,?????? ?????????,FALSE
????????,38.6293,53.29975,1788-08-10,1788-08-10,???? 30,FALSE
????????,34.98889,54.33583,1788-07-04,1788-07-04,??????? ???????,TRUE
?????????,38.45,55.85,1788-05-20,1788-05-20,??? 9,FALSE
?????????,38.45,55.85,1788-12-17,1788-12-17,??????? 6,FALSE
?????,42.0426,55.575,1788-07-06,1788-07-06,???? 25,FALSE
?????,38.26843,54.35533,1788-07-04,1788-07-04,??????? ???????,TRUE
??????,35.50309,55.99746,1788-07-12,1788-08-11,????,FALSE
??????????,37.47088,54.49442,1788-10-19,1788-10-19,8 ???????,FALSE
??????????,37.47088,54.49442,1788-07-19,1788-07-19,???? 8,FALSE
??????????,37.47088,54.49442,1788-11-02,1788-11-02,??????? 22,FALSE
?????,37.62433,48.946,1788-01-12,1788-01-12,??????? 1,FALSE
?????,37.62433,48.946,1788-10-12,1788-10-12,??????? 1,FALSE
???????????,40.533333,64.533333,1788-05-12,1788-06-11,????,FALSE
???????????,40.533333,64.533333,1788-06-12,1788-07-11,????,FALSE
????????,36.93472,49.87167,1788-08-17,1788-08-17,??????? 6,FALSE
????????,36.93472,49.87167,1788-11-08,1788-11-08,??????? 28,FALSE
????????,36.93472,49.87167,1788-02-17,1788-02-23,???????? ??????,TRUE
????????,36.93472,49.87167,1788-06-05,1788-06-05,??????????,TRUE
???????,31.27662,55.31192,1788-09-19,1788-09-19,???????? 8,FALSE
???????,31.27662,55.31192,1788-07-04,1788-07-04,??????? ???????,TRUE
?????????,61.42915,55.15402,1788-05-20,1788-05-20,??? 9,FALSE
?????????,61.42915,55.15402,1788-12-17,1788-12-17,??????? 6,FALSE
????????,40.32167,52.11306,1788-09-09,1788-09-09,29 ???????,FALSE
???,48.3,48.6,1788-08-12,1788-08-12,??????? 1,FALSE
?????????,37.73333,56.71667,1788-07-31,1788-07-31,???? 20,FALSE
???????,104.29639,52.29778,1788-03-26,1788-05-12,? 15 ????? ?? 1 ???,FALSE
???????,104.29639,52.29778,1788-11-26,1788-01-12,?????? ? 15 ??????? ?? 1,FALSE
???????,104.29639,52.29778,1788-01-26,1788-01-26,15 ???????,FALSE
???????,104.29639,52.29778,1788-03-12,1788-03-12,????? ?? 1,FALSE
????????,36.98756,52.98556,1788-06-15,1788-06-15,????????? ??????? ????,TRUE
????????,35.33333,49.86667,1788-01-12,1788-01-12,??????? 1,FALSE
????????,35.33333,49.86667,1788-05-03,1788-05-03,?????? 22,FALSE
????????,35.33333,49.86667,1788-08-12,1788-08-12,??????? 1,FALSE
????????,35.33333,49.86667,1788-09-12,1788-09-12,???????? 1,FALSE
????????,35.33333,49.86667,1788-11-09,1788-11-09,??????? 29,FALSE
?????? ??????,40.4287,54.4062,1788-07-10,1788-07-10,???? 29,FALSE
?????,35.61223,49.83597,1788-02-13,1788-02-13,??????? 2,FALSE
?????,35.61223,49.83597,1788-05-20,1788-05-20,??? 9,FALSE
?????,35.61223,49.83597,1788-08-07,1788-08-07,???? 27,FALSE
?????,35.61223,49.83597,1788-09-25,1788-09-25,???????? 14,FALSE
?????,35.61223,49.83597,1788-12-17,1788-12-17,??????? 6,FALSE
????????,39.17677,50.98665,1788-07-19,1788-07-19,???? 8,FALSE
??????,43.57015,54.58449,1788-06-27,1788-06-27,??????? ???????,TRUE
???????????,35.25965,50.77458,1788-05-20,1788-05-20,??? 9,FALSE
???????????,35.25965,50.77458,1788-08-17,1788-08-17,??????? 6,FALSE
???????????,35.25965,50.77458,1788-11-19,1788-11-19,?????? 8,FALSE
???????,31.59741,51.89085,1788-07-10,1788-07-10,???? 29,FALSE
???????,31.59741,51.89085,1788-10-25,1788-10-25,??????? 14,FALSE
?????????,35.26233,51.023,1788-09-12,1788-09-12,???????? 1,FALSE
?????????,35.26233,51.023,1788-06-15,1788-06-21,??????? ?????? ?? ?????,TRUE
?????????,35.26233,51.023,1788-04-07,1788-04-13,????? ??????,TRUE
??????,34.73951,53.74596,1788-10-06,1788-10-06,25 ????????,FALSE
???????,37.63101,53.0502,1788-06-05,1788-06-05,??? 25,FALSE
???????,37.63101,53.0502,1788-11-19,1788-11-19,?????? 8,FALSE
??????????,32.04047,49.66832,1788-12-17,1788-12-17,??????? 6,FALSE
??????????,32.04047,49.66832,1788-09-19,1788-09-19,????????? ??????????,FALSE
??????????,32.04047,49.66832,1788-06-15,1788-06-15,????????? ??????? ????,TRUE
??????????,32.04047,49.66832,1788-05-04,1788-05-10,?????? ??????,TRUE
?????,42.4675,54.55917,1788-07-10,1788-07-10,???? 29,FALSE
?????,42.4675,54.55917,1788-07-31,1788-07-31,???? 20,FALSE
??????????,39.07561,50.8664,1788-09-19,1788-09-19,???????? 8,FALSE
??????????,39.07561,50.8664,1788-12-17,1788-12-17,??????? 6,FALSE
??????????,39.07561,50.8664,1788-07-04,1788-07-04,??????? ???????,TRUE
???????,38.77664,53.7559,1788-07-07,1788-07-07,???? 26,FALSE
???????,34.93544,56.50752,1788-07-30,1788-07-30,????? ??????? ????,FALSE
???????,34.93544,56.50752,1788-06-27,1788-06-27,??????? ?????? ?? ????? ? ?????,TRUE
???,37.12444,51.62222,1788-09-19,1788-09-19,????????? ??????????,FALSE
???,37.12444,51.62222,1788-07-11,1788-07-11,??????????? ???????,TRUE
???????,46.60037,53.11675,1788-07-04,1788-07-04,??????? ???????,TRUE
?????,31.67231,50.6006,1788-08-12,1788-08-12,??????? 1,FALSE
?????,31.67231,50.6006,1788-10-25,1788-10-25,??????? 14,FALSE
?????,31.67231,50.6006,1788-12-04,1788-12-04,?????? 23,FALSE
?????,31.67231,50.6006,1788-05-21,1788-05-21,????????????,TRUE
?????????????,28.231957,61.048829,1788-09-09,1788-09-09,29 ???????,FALSE
?????????????,36.975171,53.668498,1788-10-02,1788-10-02,21 ????????,FALSE
??????,28.744167,60.709167,1788-09-04,1788-09-04,??????? 24,FALSE
??????,28.744167,60.709167,1788-10-02,1788-10-02,???????? 21,FALSE
????????,36.58015,50.61074,1788-07-10,1788-07-10,????? ? ?????,FALSE
????????,36.58015,50.61074,1788-08-26,1788-08-26,???????,FALSE
????????,36.58015,50.61074,1788-07-04,1788-07-04,??????? ???????,TRUE
?????????,37.68262,49.85019,1788-01-12,1788-01-12,??????? 1,FALSE
?????,31.04966,49.77022,1788-07-05,1788-07-05,???? 24,FALSE
?????,31.04966,49.77022,1788-10-17,1788-10-17,??????? 6,FALSE
????????,33.91667,58.38333,1788-02-05,1788-02-05,??????? 25,FALSE
????????,33.91667,58.38333,1788-12-02,1788-12-02,?????? 21,FALSE
????????,33.91667,58.38333,1788-06-22,1788-06-22,??????,TRUE
???????,36.44811,61.00636,1788-05-20,1788-05-20,9 ???,FALSE
???????,36.44811,61.00636,1788-02-13,1788-02-13,??????? 2,FALSE
???????,36.44811,61.00636,1788-08-27,1788-08-27,??????? 16,FALSE
???????,36.44811,61.00636,1788-10-12,1788-10-12,??????? 1,FALSE
??????,49.09162,62.16755,1788-01-29,1788-02-03,??????? ?? 18 ?? 23,FALSE
???????,35.28083,54.32444,1788-08-09,1788-08-09,???? 29,FALSE
?????????,33.7644,52.5798,1788-06-22,1788-06-22,??????,TRUE
????????,32.74462,50.21186,1788-02-13,1788-02-13,??????? 2,FALSE
????????,32.74462,50.21186,1788-07-10,1788-07-10,???? 29,FALSE
????????,32.74462,50.21186,1788-11-06,1788-11-06,??????? 26,FALSE
???????,36.02722,55.50194,1788-07-10,1788-07-10,???? 29,FALSE
?????,40.1109,53.7038,1788-07-12,1788-08-11,????,FALSE
?????,40.1109,53.7038,1788-07-11,1788-07-11,???????????? ???????,TRUE
??????,50.15,53.20007,1788-07-12,1788-08-11,????,FALSE
??????,50.15,53.20007,1788-08-12,1788-09-11,???????,FALSE
???????,41.71092,57.01225,1788-09-09,1788-09-09,??????? 29,FALSE
??????????,39.17942,49.01808,1788-11-12,1788-11-12,?????? 1,FALSE
??????????,39.17942,49.01808,1788-06-15,1788-06-21,???????? ??????,TRUE
??????????,39.17942,49.01808,1788-03-28,1788-03-28,??????? ???????? ?????,FALSE
?????????,41.59483,58.14881,1788-06-27,1788-06-27,???? 16,FALSE
????????,36.71667,56.2,1788-06-22,1788-06-22,??????,TRUE
????????,39.26928,57.01039,1788-08-09,1788-08-09,29 ????,FALSE
????????,39.26928,57.01039,1788-09-25,1788-09-25,14 ????????,FALSE
????????,87.95006,65.79479,1788-06-12,1788-07-11,????,FALSE
????????,87.95006,65.79479,1788-07-12,1788-08-11,????,FALSE
???????????,35.96944,56.03361,1788-07-10,1788-07-10,???? 29,FALSE
???????????,35.96944,56.03361,1788-06-19,1788-06-19,???? 8,FALSE
???????????,35.96944,56.03361,1788-08-26,1788-08-26,??????? 15,FALSE
???????????,35.96944,56.03361,1788-09-19,1788-09-19,???????? 8,FALSE
???????????,35.96944,56.03361,1788-08-30,1788-08-30,??????? 19,FALSE
???????????,35.96944,56.03361,1788-05-20,1788-05-20,??? 9,FALSE
???????????,35.96944,56.03361,1788-07-31,1788-07-31,???? 20,FALSE
???????????,35.96944,56.03361,1788-10-06,1788-10-06,???????? 25,FALSE
???????????,35.96944,56.03361,1788-12-02,1788-12-02,?????? 21,FALSE
???????????,35.96944,56.03361,1788-06-15,1788-06-15,?????????????,TRUE
???????????,35.96944,56.03361,1788-07-04,1788-07-04,??????? ???????,TRUE
????,33.18373,54.57864,1788-07-31,1788-07-31,???? 20,FALSE
????,33.18373,54.57864,1788-03-10,1788-03-16,?????? ??????,TRUE
???????,40.453412,57.761175,1788-08-17,1788-08-17,????????????,FALSE
????????,35.37,55.99461,1788-10-06,1788-10-06,???????? 25,FALSE
???????,33.76977,49.54487,1788-02-10,1788-02-10,??????? 30,FALSE
???????,33.76977,49.54487,1788-05-02,1788-05-02,?????? 21,FALSE
???????,33.76977,49.54487,1788-07-05,1788-07-05,???? 24,FALSE
???????,33.76977,49.54487,1788-10-01,1788-10-01,???????? 20,FALSE
???,41.38833,56.84865,1788-08-04,1788-08-04,24 ????,FALSE
?????,43.13026,58.97754,1788-12-02,1788-12-02,?????? 21,FALSE
?????,43.13026,58.97754,1788-01-17,1788-01-17,??????? 6,FALSE
?????,43.13026,58.97754,1788-04-05,1788-04-05,????? 25,FALSE
?????,43.13026,58.97754,1788-07-31,1788-07-31,??????? ????,FALSE
??????,39.55053,53.82486,1788-04-27,1788-05-03,??????? ??????,TRUE
???????,34.89879,50.31036,1788-05-20,1788-05-20,??? 9,FALSE
???????,34.89879,50.31036,1788-11-08,1788-11-08,??????? 28,FALSE
???????,34.89879,50.31036,1788-02-17,1788-02-23,???????? ??????,TRUE
???????,37.0674,54.50503,1788-07-12,1788-07-12,???? 1,FALSE
???????,37.0674,54.50503,1788-09-09,1788-09-09,??????? 29,FALSE
??????????,35.96695,49.22603,1788-02-13,1788-02-13,??????? 2,FALSE
??????????,35.96695,49.22603,1788-09-19,1788-09-19,???????? 8,FALSE
??????????,35.96695,49.22603,1788-05-21,1788-05-21,????????????,TRUE
????????,30.89967,50.22235,1788-09-19,1788-09-19,????????? ??????????,FALSE
???????,39.1179,54.0418,1788-07-19,1788-07-19,???? 8,FALSE
???????,38.38128,59.86299,1788-03-28,1788-03-28,????? 17,FALSE
??????,44.37382,53.86531,1788-06-22,1788-06-22,????????,TRUE
??????????,32.62939,50.214,1788-07-13,1788-07-13,2 ????,FALSE
??????????,32.62939,50.214,1788-07-04,1788-07-04,??????? ???????,TRUE
??????????,57.02846,56.54404,1788-12-02,1788-12-02,?????? 21,FALSE
??????????,57.02846,56.54404,1788-06-05,1788-06-05,??????????,TRUE
??????????,37.2604,58.66398,1788-01-17,1788-01-17,???????????,FALSE
?????,38.33167,57.5275,1788-07-19,1788-07-19,???? 8,FALSE
?????,38.33167,57.5275,1788-01-06,1788-01-06,??????? 26,FALSE
????,41.51579,57.45862,1788-10-12,1788-10-12,??????????,FALSE
???,42.25838,57.01242,1788-06-27,1788-06-27,???? 16,FALSE
??????,43.82312,54.09013,1788-07-10,1788-07-10,???? 29,FALSE
????????,68.258056,58.195278,1788-05-31,1788-05-31,20 ???,FALSE
?????,45.7464,64.8827,1788-01-12,1788-02-11,???????,FALSE
???????,40.68056,53.94194,1788-07-19,1788-07-19,???? 8,FALSE
???????,40.68056,53.94194,1788-07-04,1788-07-04,??????? ???????,TRUE
????,36.19522,55.69898,1788-07-10,1788-07-10,???? 29,FALSE
????,36.19522,55.69898,1788-03-03,1788-03-09,?????? ??????,TRUE
?????,47.37993,52.04541,1788-07-09,1788-07-09,28 ????,FALSE
??????,39.57076,52.60311,1788-05-02,1788-05-02,?????? 21,FALSE
??????,39.57076,52.60311,1788-07-04,1788-07-04,???? 23,FALSE
??????,39.57076,52.60311,1788-08-26,1788-08-26,??????? 15,FALSE
??????,36.69651,57.78506,1788-07-16,1788-07-16,5 ????,FALSE
??????,37.95634,48.93555,1788-05-20,1788-05-20,??? 9,FALSE
??????,37.95634,48.93555,1788-11-12,1788-11-12,?????? 1,FALSE
??????,37.95634,48.93555,1788-12-17,1788-12-17,??????? 6,FALSE
???????,32.73911,49.6548,1788-01-12,1788-01-12,??????? 1,FALSE
???????,32.73911,49.6548,1788-09-25,1788-09-25,???????? 14,FALSE
???????,32.73911,49.6548,1788-04-27,1788-05-03,??????? ???????,TRUE
?????????,35.52765,50.16466,1788-07-31,1788-07-31,???? 20,FALSE
?????????,35.52765,50.16466,1788-09-09,1788-09-09,??????? 29,FALSE
?????????,35.52765,50.16466,1788-11-19,1788-11-19,?????? 8,FALSE
?????????,35.52765,50.16466,1788-03-03,1788-03-09,?????? ??????,TRUE
?????????,35.52765,50.16466,1788-04-07,1788-04-13,?????????? ??????,TRUE
?????????,35.52765,50.16466,1788-06-05,1788-06-05,??????????,TRUE
????,37.24848,49.20875,1788-07-05,1788-07-05,???? 24,FALSE
????,37.24848,49.20875,1788-09-25,1788-09-25,???????? 14,FALSE
????,37.24848,49.20875,1788-11-06,1788-11-06,??????? 26,FALSE
????,37.24848,49.20875,1788-05-21,1788-05-21,????????????,TRUE
???????????,35.16275,50.06602,1788-05-04,1788-05-04,?????? 23,FALSE
???????????,35.16275,50.06602,1788-07-10,1788-07-10,???? 29,FALSE
???????????,35.16275,50.06602,1788-12-02,1788-12-02,?????? 21,FALSE
???????????,35.16275,50.06602,1788-03-24,1788-03-30,??????????????? ??????,TRUE
?????,35.2775,51.63069,1788-07-05,1788-07-05,24 ????,FALSE
?????,35.2775,51.63069,1788-09-12,1788-09-12,???????? 1,FALSE
????????????,42.45036,56.13119,1788-06-05,1788-06-05,??????????,TRUE
??????,43.41647,52.96474,1788-07-04,1788-07-04,??????? ???????,TRUE
???????????,107.04306,50.19889,1788-12-05,1788-12-05,?????? 24,FALSE
????????,44.21689,52.45861,1788-07-19,1788-07-19,???? 8,FALSE
?????,36.9145,53.45232,1788-06-22,1788-06-22,????????,TRUE
?????????,32.85255,51.72622,1788-05-04,1788-05-04,?????? 23,FALSE
?????????,32.85255,51.72622,1788-09-19,1788-09-19,???????? 8,FALSE
?????? ????,31.36081,57.99439,1788-01-17,1788-01-17,??????? 6,FALSE
?????? ????,31.36081,57.99439,1788-07-10,1788-07-10,????? ? ?????,FALSE
?????? ????,31.36081,57.99439,1788-10-12,1788-10-12,???????,FALSE
???????,44.86678,54.69875,1788-06-05,1788-06-05,??? 25,FALSE
???????,38.09924,53.14806,1788-08-17,1788-08-17,??????? 6,FALSE
???????,38.09924,53.14806,1788-09-26,1788-09-26,???????? 15,FALSE
???????,38.09924,53.14806,1788-10-12,1788-10-12,??????? 1,FALSE
???????,38.09924,53.14806,1788-07-04,1788-07-04,??????? ???????,TRUE
???????,38.44731,58.00519,1788-09-19,1788-09-19,???????? ? 8,FALSE
????????,45.39167,52.30639,1788-07-19,1788-07-19,???? 8,FALSE
?????,32.84753,53.05907,1788-08-20,1788-08-20,??????? 9,FALSE
?????,32.84753,53.05907,1788-06-15,1788-06-15,????????? ??????? ????,TRUE
?????,32.84753,53.05907,1788-03-24,1788-03-30,??????? ??????,TRUE
??????,35.85861,54.96917,1788-07-19,1788-07-19,???? 8,FALSE
???????,37.83107,49.97964,1788-05-20,1788-05-20,??????? ?????????? ??????? ? ???????,FALSE
???????,37.83107,49.97964,1788-05-04,1788-05-04,?????????????? ???????,FALSE
???????,37.83107,49.97964,1788-12-17,1788-12-17,??????? ?????????? ??????? ? ???????,FALSE
???????,37.83107,49.97964,1788-03-28,1788-03-28,??????? ???????? ?????,FALSE
?????,40.68433,58.3625,1788-12-17,1788-12-17,??????? 6,FALSE
?????,40.68433,58.3625,1788-06-22,1788-06-22,???????,TRUE
??????????,66.79389,57.24028,1788-07-19,1788-07-19,???? 8,FALSE
????????,42.72236,52.65494,1788-07-31,1788-07-31,???? 20,FALSE
????????,42.72236,52.65494,1788-06-23,1788-06-23,?????? ???? ??????? ?????,TRUE
?????????,120.4203,60.3743,1788-07-12,1788-08-11,????,FALSE
?????????,120.4203,60.3743,1788-08-12,1788-09-11,???????,FALSE
?????,33.198877,50.94679,1788-07-31,1788-07-31,??????? ????,FALSE
?????,33.198877,50.94679,1788-03-03,1788-03-09,????????,TRUE
?????,33.198877,50.94679,1788-12-02,1788-12-02,???? ?????? ???????????? ???????,FALSE
?????,33.198877,50.94679,1788-11-19,1788-11-19,???????????? ???????,FALSE
?????,33.198877,50.94679,1788-06-05,1788-06-05,??????????,TRUE
??????,41.48117,52.60643,1788-07-19,1788-07-19,8 ????,FALSE
?????? ?????,37.84167,51.29667,1788-07-19,1788-07-19,???? 8,FALSE
?????? ?????,37.84167,51.29667,1788-08-26,1788-08-26,??????? 15,FALSE
?????? ?????,37.84167,51.29667,1788-04-13,1788-04-13,????? ???????????,TRUE
????????,38.26188,55.42112,1788-09-17,1788-09-17,???????? 6,FALSE
????????,34.75862,50.06864,1788-01-12,1788-01-12,??????? 1,FALSE
????????,34.75862,50.06864,1788-04-05,1788-04-05,????? 25,FALSE
????????,34.75862,50.06864,1788-09-19,1788-09-19,???????? 8,FALSE
????????,34.75862,50.06864,1788-06-22,1788-06-22,???????,TRUE
??????????,36.85918,55.73402,1788-07-04,1788-07-04,??????? ???????,TRUE
?????,26.72509,58.38062,1788-07-10,1788-07-10,29 ????,FALSE
?????,26.72509,58.38062,1788-09-19,1788-09-19,8 ????????,FALSE
?????,26.72509,58.38062,1788-09-30,1788-09-30,19 ????????,FALSE
?????,26.72509,58.38062,1788-01-17,1788-01-17,???????????,FALSE
???????,32.50621,50.24242,1788-03-30,1788-03-30,????????????,TRUE
???????,32.50621,50.24242,1788-09-19,1788-09-19,????????? ??????????,FALSE
???????,32.50621,50.24242,1788-10-25,1788-10-25,?????????,FALSE
???????,32.50621,50.24242,1788-06-05,1788-06-05,??????????,TRUE
??????,31.76246,50.27975,1788-05-04,1788-05-04,?????????????? ???????,FALSE
??????,31.76246,50.27975,1788-04-12,1788-04-12,?????????? ???????,TRUE
??????,31.76246,50.27975,1788-08-17,1788-08-17,????????????,FALSE
??????,31.76246,50.27975,1788-11-19,1788-11-19,???????????? ???????,FALSE
??????????,38.92026,53.35175,1788-07-26,1788-07-26,15 ????,FALSE
??????,33.85422,49.4202,1788-01-17,1788-01-17,??????? 6,FALSE
??????,33.85422,49.4202,1788-08-09,1788-08-09,???? 29,FALSE
??????,33.85422,49.4202,1788-08-17,1788-08-17,??????? 6,FALSE
??????,33.85422,49.4202,1788-11-19,1788-11-19,?????? 8,FALSE
???????,33.87066,51.33745,1788-07-04,1788-07-04,??????? ???????,TRUE
??????????,45.69645,55.60512,1788-07-19,1788-07-19,???? 8,FALSE
???????,39.210556,51.671667,1788-09-09,1788-09-09,29 ???? ???????,FALSE
???????,39.210556,51.671667,1788-07-04,1788-07-04,??????? ???????,TRUE
????????,32.16478,49.63637,1788-07-31,1788-07-31,??????? ????,FALSE
????????,32.16478,49.63637,1788-10-12,1788-10-12,???????,FALSE
???????,123.37418,66.76601,1788-08-12,1788-09-11,???????,FALSE
???????,123.37418,66.76601,1788-09-12,1788-10-11,????????,FALSE
???????,123.37418,66.76601,1788-10-12,1788-11-11,???????,FALSE
???????,123.37418,66.76601,1788-11-12,1788-12-11,??????,FALSE
???????,38.87841,54.7605,1788-05-20,1788-05-20,??? 9,FALSE
???????,38.87841,54.7605,1788-08-08,1788-08-08,???? 28,FALSE
???????,38.87841,54.7605,1788-06-15,1788-06-15,?????????????,TRUE
???????,42.68318,58.75375,1788-12-15,1788-12-15,4 ???????,FALSE
???????,42.68318,58.75375,1788-10-12,1788-10-12,??????? ? 1,FALSE
???????,42.68318,58.75375,1788-03-16,1788-03-16,?????? ???????????,TRUE
???????,42.68318,58.75375,1788-06-05,1788-06-05,??????????,TRUE
???????,42.68318,58.75375,1788-06-27,1788-06-27,??????? ???????,TRUE
???????,46,51.533333,1788-07-19,1788-07-19,???? 8,FALSE
?????????,31.32173,50.36098,1788-01-12,1788-01-12,??????? 1,FALSE
?????????,31.32173,50.36098,1788-05-20,1788-05-20,??? 9,FALSE
?????????,31.32173,50.36098,1788-09-22,1788-09-22,???????? 11,FALSE
????????,43.69458,53.87654,1788-07-10,1788-07-10,???? 29,FALSE
????????,43.69458,53.87654,1788-07-31,1788-07-31,???? 20,FALSE
????????,43.69458,53.87654,1788-08-17,1788-08-17,??????? 6,FALSE
????????,37.41114,54.91578,1788-09-26,1788-09-26,????????  15,FALSE
????????,37.41114,54.91578,1788-07-04,1788-07-04,??????? ???????,TRUE
????????,37.15744,53.94234,1788-07-12,1788-07-12,???? 1,FALSE
????????,37.15744,53.94234,1788-06-15,1788-06-15,????????? ??????? ????,TRUE
??????????,37.75264,50.72917,1788-01-17,1788-01-17,??????? 6,FALSE
??????????,37.75264,50.72917,1788-05-04,1788-05-04,?????????????? ???????,FALSE
??????????,37.75264,50.72917,1788-08-12,1788-08-12,???? ?????? ????????? ????????,FALSE
???????,36.015939,55.429097,1788-09-24,1788-09-24,13 ????????,FALSE
??????,41.31917,56.35722,1788-01-05,1788-01-05,25 ???????,FALSE
?????,32.33557,56.65394,1788-05-04,1788-05-04,?????? 23,FALSE
??????,39.15553,53.25155,1788-07-18,1788-07-18,??????? ?????? ???????? ?????? ?? ?????,TRUE
??????????,50.17722,58.73222,1788-12-05,1788-12-05,?????? 24,FALSE
??????????,50.17722,58.73222,1788-07-12,1788-08-11,????,FALSE
??????????,50.17722,58.73222,1788-09-12,1788-10-11,????????,FALSE
??????????,50.17722,58.73222,1788-04-13,1788-04-13,????? ???????????,TRUE
??????????,50.17722,58.73222,1788-07-06,1788-07-06,??????? ??????????? ?? ?????,TRUE
???????,37.21667,56.56667,1788-09-29,1788-09-29,18 ????????,FALSE
???????,37.21667,56.56667,1788-07-05,1788-07-05,???? 24,FALSE
???????,33.26024,50.36776,1788-07-19,1788-07-19,?????????????? ????????,FALSE
???????,33.26024,50.36776,1788-02-17,1788-02-23,???????? ??????,TRUE
???????,33.26024,50.36776,1788-05-21,1788-05-21,????????????,TRUE
???????,33.26024,50.36776,1788-10-01,1788-10-01,?????????????? ????????,FALSE
?????????,36.16063,54.26313,1788-07-04,1788-07-04,??????? ???????,TRUE
???????,31.63528,56.49779,1788-07-31,1788-07-31,??????? ????,FALSE
??????,36.68803,49.83588,1788-08-17,1788-08-17,????????????,FALSE
?????????,34.58107,50.3766,1788-05-04,1788-05-04,?????? 23,FALSE
?????????,34.58107,50.3766,1788-09-19,1788-09-19,???????? 8,FALSE
?????????,34.58107,50.3766,1788-12-02,1788-12-02,?????? 21,FALSE
????,32.21568,51.5217,1788-09-19,1788-09-19,8 ????????,FALSE
????,32.21568,51.5217,1788-05-20,1788-05-20,??? 9,FALSE
????,32.21568,51.5217,1788-12-17,1788-12-17,???????,FALSE
?????,36.90432,51.87555,1788-06-22,1788-06-22,??????,TRUE
??????,38.16694,54.84444,1788-06-05,1788-06-05,??????????,TRUE
??????,31.62219,50.67765,1788-05-20,1788-05-20,??? 9,FALSE
??????,31.62219,50.67765,1788-12-02,1788-12-02,?????? 21,FALSE
??????,31.62219,50.67765,1788-07-05,1788-07-05,?????? ????????,FALSE
??????,31.62219,50.67765,1788-12-17,1788-12-17,???????,FALSE
????????,48.366667,54.316667,1788-07-16,1788-07-16,???? ? 5,FALSE
????????,37.04048,52.97387,1788-05-21,1788-05-21,????????????,TRUE
?????????,36.6196,49.53601,1788-07-31,1788-07-31,???? 20,FALSE
?????????,36.6196,49.53601,1788-11-06,1788-11-06,??????? 26,FALSE
???????,28.7856,55.4879,1788-01-05,1788-01-05,?????????? ?????????,FALSE
???????,28.7856,55.4879,1788-12-29,1788-12-29,?????? ????? ?????????? ?????????,FALSE
???????,28.7856,55.4879,1788-03-10,1788-03-16,?????? ??????,TRUE
???????,28.7856,55.4879,1788-01-17,1788-01-17,???????????,FALSE
???????,40.44668,56.42274,1788-01-05,1788-01-05,25 ???????,FALSE
???????,40.44668,56.42274,1788-10-12,1788-10-12,1 ???????,FALSE
???????,40.44668,56.42274,1788-09-09,1788-09-09,??????? 29,FALSE
???????,40.44668,56.42274,1788-07-15,1788-07-15,???? ?? 4,FALSE
???????,40.44668,56.42274,1788-09-25,1788-09-25,???????? ?? 14,FALSE
???????,40.44668,56.42274,1788-01-17,1788-01-17,??????? 6,FALSE
??????????????,39.1508,57.2586,1788-05-13,1788-05-13,??? 2,FALSE
??????,38.441111,58.199722,1788-01-29,1788-01-29,??????? 18,FALSE
??????,38.441111,58.199722,1788-03-31,1788-04-06,????????? ?????? ???????? ?????,TRUE
??????,39.7288,52.04662,1788-07-04,1788-07-04,??????? ???????,TRUE
??????????,36.95972,55.92667,1788-07-19,1788-07-19,???? 8,FALSE
???????,46.9827,54.19941,1788-06-22,1788-06-22,????????,TRUE
???????,46.9827,54.19941,1788-06-23,1788-06-29,?????? ?????? ??????? ?????,TRUE
???????,36.48611,55.20639,1788-09-19,1788-09-19,8 ????? ????????,FALSE
???????,36.48611,55.20639,1788-07-04,1788-07-04,??????? ???????,TRUE
????????????,42.08494,51.36713,1788-07-19,1788-07-19,???? 8,FALSE
?????????,37.9,59.13333,1788-01-22,1788-01-22,??????? 11,FALSE
?????????,37.9,59.13333,1788-10-06,1788-10-06,???????? 25,FALSE
?????????,37.9,59.13333,1788-12-07,1788-12-07,?????? 26,FALSE
?????,32.71968,50.49503,1788-05-20,1788-05-20,??? 9,FALSE
?????,32.71968,50.49503,1788-07-10,1788-07-10,???? 29,FALSE
?????,32.71968,50.49503,1788-11-12,1788-11-12,?????? 1,FALSE
??????,36.27919,51.20981,1788-08-12,1788-08-12,??????? 1,FALSE
??????,36.27919,51.20981,1788-09-19,1788-09-19,???????? 8,FALSE
??????,36.27919,51.20981,1788-12-17,1788-12-17,??????? 6,FALSE
??????,36.27919,51.20981,1788-05-21,1788-05-21,????????????,TRUE
??????,36.27919,51.20981,1788-03-03,1788-03-09,?????? ??????,TRUE
???????,32.91867,50.66384,1788-05-04,1788-05-04,?????? 23,FALSE
???????,32.91867,50.66384,1788-09-19,1788-09-19,???????? 8,FALSE
???????????,39.7831,48.6104,1788-07-04,1788-07-04,??????? ???????,TRUE
??????????,38.12408,53.77166,1788-07-18,1788-07-18,???? 7,FALSE
??????,47.58617,60.74146,1788-12-17,1788-12-17,??????? 6,FALSE
??????,47.58617,60.74146,1788-01-29,1788-01-29,??????? 18,FALSE
??????,47.58617,60.74146,1788-04-05,1788-04-05,????? 25,FALSE
??????,47.58617,60.74146,1788-06-12,1788-06-21,???? ? ?????? ??????,FALSE
?????????,32.4111,55.1919,1788-08-26,1788-08-26,??????? 15,FALSE
?????????,32.4111,55.1919,1788-03-10,1788-03-16,?????? ??????,TRUE
